{
  "_README": "https://gitlab.com/CDAGaming/CraftPresence/-/wikis/home",
  "_schemaVersion": 3,
  "_lastMCVersionId": 760,
  "generalSettings": {
    "detectATLauncherInstance": true,
    "detectCurseManifest": true,
    "detectMultiMCManifest": true,
    "detectMCUpdaterInstance": true,
    "detectTechnicPack": true,
    "detectBiomeData": true,
    "detectDimensionData": true,
    "detectWorldData": true,
    "clientId": "1107824842247524364",
    "defaultIcon": "cca",
    "enableJoinRequests": false,
    "partyPrivacyLevel": 1,
    "preferredClientLevel": 3,
    "resetTimeOnInit": false,
    "autoRegister": false
  },
  "biomeSettings": {
    "fallbackBiomeIcon": "cca",
    "biomeData": {
      "default": {
        "textOverride": "Playing in {biome.name}",
        "data": {
          "enabled": true,
          "useAsMain": false,
          "details": "",
          "gameState": "",
          "largeImageKey": "",
          "largeImageText": "",
          "smallImageKey": "",
          "smallImageText": "",
          "startTimestamp": "",
          "endTimestamp": "",
          "buttons": {
            "default": {
              "label": "Example Text",
              "url": "https://google.com"
            }
          }
        }
      }
    }
  },
  "dimensionSettings": {
    "fallbackDimensionIcon": "unknown",
    "dimensionData": {
      "default": {
        "textOverride": "In the {dimension.name}",
        "data": {
          "enabled": true,
          "useAsMain": false,
          "details": "",
          "gameState": "",
          "largeImageKey": "",
          "largeImageText": "",
          "smallImageKey": "",
          "smallImageText": "",
          "startTimestamp": "",
          "endTimestamp": "",
          "buttons": {
            "default": {
              "label": "Example Text",
              "url": "https://google.com"
            }
          }
        }
      }
    }
  },
  "serverSettings": {
    "fallbackServerIcon": "cca",
    "fallbackServerName": "Minecraft Server",
    "fallbackServerMotd": "A Minecraft Server",
    "serverData": {
      "default": {
        "textOverride": "Playing on {server.motd.raw}",
        "data": {
          "enabled": true,
          "useAsMain": false,
          "details": "",
          "gameState": "",
          "largeImageKey": "",
          "largeImageText": "",
          "smallImageKey": "",
          "smallImageText": "",
          "startTimestamp": "",
          "endTimestamp": "",
          "buttons": {
            "default": {
              "label": "Example Text",
              "url": "https://google.com"
            }
          }
        }
      }
    }
  },
  "statusMessages": {
    "mainMenuData": {
      "textOverride": "In the Main Menu",
      "data": {
        "enabled": true,
        "useAsMain": false,
        "details": "",
        "gameState": "",
        "largeImageKey": "",
        "largeImageText": "",
        "smallImageKey": "",
        "smallImageText": "",
        "startTimestamp": "",
        "endTimestamp": "",
        "buttons": {
          "default": {
            "label": "Example Text",
            "url": "https://google.com"
          }
        }
      }
    },
    "loadingData": {
      "textOverride": "Loading...",
      "data": {
        "enabled": true,
        "useAsMain": false,
        "details": "",
        "gameState": "",
        "largeImageKey": "",
        "largeImageText": "",
        "smallImageKey": "",
        "smallImageText": "",
        "startTimestamp": "",
        "endTimestamp": "",
        "buttons": {
          "default": {
            "label": "Example Text",
            "url": "https://google.com"
          }
        }
      }
    },
    "lanData": {
      "textOverride": "Playing on a LAN Server",
      "data": {
        "enabled": true,
        "useAsMain": false,
        "details": "",
        "gameState": "",
        "largeImageKey": "",
        "largeImageText": "",
        "smallImageKey": "",
        "smallImageText": "",
        "startTimestamp": "",
        "endTimestamp": "",
        "buttons": {
          "default": {
            "label": "Example Text",
            "url": "https://google.com"
          }
        }
      }
    },
    "singleplayerData": {
      "textOverride": "Playing Singleplayer",
      "data": {
        "enabled": true,
        "useAsMain": false,
        "details": "",
        "gameState": "",
        "largeImageKey": "",
        "largeImageText": "",
        "smallImageKey": "",
        "smallImageText": "",
        "startTimestamp": "",
        "endTimestamp": "",
        "buttons": {
          "default": {
            "label": "Example Text",
            "url": "https://google.com"
          }
        }
      }
    }
  },
  "advancedSettings": {
    "enablePerGui": false,
    "enablePerItem": false,
    "enablePerEntity": false,
    "renderTooltips": true,
    "formatWords": true,
    "debugMode": false,
    "verboseMode": false,
    "refreshRate": 2,
    "roundSize": 3,
    "includeExtraGuiClasses": false,
    "allowPlaceholderPreviews": false,
    "guiSettings": {
      "fallbackGuiIcon": "unknown",
      "guiData": {
        "default": {
          "textOverride": "In {screen.name}",
          "data": {
            "enabled": true,
            "useAsMain": false,
            "details": "",
            "gameState": "",
            "largeImageKey": "",
            "largeImageText": "",
            "smallImageKey": "",
            "smallImageText": "",
            "startTimestamp": "",
            "endTimestamp": "",
            "buttons": {
              "default": {
                "label": "Example Text",
                "url": "https://google.com"
              }
            }
          }
        }
      }
    },
    "itemMessages": {
      "default": "Holding {item.message.holding}"
    },
    "entitySettings": {
      "fallbackEntityIcon": "unknown",
      "targetData": {
        "default": {
          "textOverride": "Targeting {entity.target.name}",
          "data": {
            "enabled": true,
            "useAsMain": false,
            "details": "",
            "gameState": "",
            "largeImageKey": "",
            "largeImageText": "",
            "smallImageKey": "",
            "smallImageText": "",
            "startTimestamp": "",
            "endTimestamp": "",
            "buttons": {
              "default": {
                "label": "Example Text",
                "url": "https://google.com"
              }
            }
          }
        }
      },
      "ridingData": {
        "default": {
          "textOverride": "Riding {entity.riding.name}",
          "data": {
            "enabled": true,
            "useAsMain": false,
            "details": "",
            "gameState": "",
            "largeImageKey": "",
            "largeImageText": "",
            "smallImageKey": "",
            "smallImageText": "",
            "startTimestamp": "",
            "endTimestamp": "",
            "buttons": {
              "default": {
                "label": "Example Text",
                "url": "https://google.com"
              }
            }
          }
        }
      }
    },
    "allowEndpointIcons": true,
    "serverIconEndpoint": "https://api.mcsrvstat.us/icon/{server.address.short}",
    "playerSkinEndpoint": "https://mc-heads.net/avatar/{getOrDefault(player.uuid.short, player.name)}"
  },
  "accessibilitySettings": {
    "tooltipBackgroundColor": "0xF0100010",
    "tooltipBorderColor": "0x505000FF",
    "guiBackgroundColor": "minecraft:textures/gui/options_background.png",
    "buttonBackgroundColor": "minecraft:textures/gui/widgets.png",
    "languageId": "en_us",
    "showBackgroundAsDark": true,
    "stripTranslationColors": false,
    "showLoggingInChat": false,
    "stripExtraGuiElements": false,
    "configKeyCode": 96
  },
  "displaySettings": {
    "presenceData": {
      "enabled": true,
      "useAsMain": false,
      "details": "{getFirst(menu.message, dimension.message)}",
      "gameState": "{getOrDefault(server.message)} {getOrDefault(pack.name)}",
      "largeImageKey": "{getFirst(menu.icon, dimension.icon)}",
      "largeImageText": "{getFirst(menu.message, dimension.message)}",
      "smallImageKey": "{getFirst(server.icon, pack.icon)}",
      "smallImageText": "{getOrDefault(server.message)} {getOrDefault(pack.name)}",
      "startTimestamp": "{data.general.time}",
      "endTimestamp": "",
      "buttons": {
        "default": {
          "label": "Example Text",
          "url": "https://google.com"
        }
      }
    },
    "dynamicIcons": {
      "default": "https://via.placeholder.com/256.png",
      "ClaudiusMinimus": "https://mc-heads.net/avatar/4ae31acb42df470abe8e4536bdec8105",
      "cca": "https://raw.githubusercontent.com/ClaudiusMinimus/CCA_Fabric/main/docs/artwork/bh/cca.png"
    },
    "dynamicVariables": {
      "default": "Example Text",
      "mods": "{general.mods} Mod(s)",
      "player_info_coordinate": "At {player.position.x}, {player.position.z}",
      "players": "{server.players.current} / {server.players.max} Players",
      "player_info_in": "({custom.player_info.health})",
      "player_info_items": "Items: {item.main_hand.message}",
      "player_info_out": "As {player.name}",
      "player_info_health": "Health: {player.health.current}/{player.health.max}",
      "world_info": "On {world.name}",
      "pack": "{pack.name}"
    }
  }
}