{
  "modId": "silentgear",
  "group": {
    "name": "Farmers Delight Seeds",
    "enabledByDefault": true,
    "defaultPayment": {
      "item": "minecraft:emerald"
    },
    "defaultCategory": "farmingforblockheads:seeds"
  },
  "customEntries": [
    {
        "output": {
          "item": "farmersdelight:onion"
        }
      },{
        "output": {
          "item": "farmersdelight:cabbage_seeds"
        }
      },{
        "output": {
          "item": "farmersdelight:tomato_seeds"
        }
      }
  ]
}
