{
	"selectionBox": true,
	"selectionBoxRed": 0,
	"selectionBoxGreen": 0,
	"selectionBoxBlue": 0,
	"selectionBoxAlpha": 102,
	"selectionBoxThickness": 2,
	"sectionsRed": 14,
	"sectionsGreen": 14,
	"sectionsBlue": 14,
	"sectionsAlpha": 159,
	"sectionsBorderRed": 0,
	"sectionsBorderGreen": 0,
	"sectionsBorderBlue": 0,
	"sectionsBorderAlpha": 255,
	"entitiesLoadedSortingStyle": "screen.entities_loaded.sorting_style.alphabetically",
	"guiSections": true,
	"clientPlayerWorld": true,
	"clientPlayerWorldHudLocation": "screen.hud_location.top_left",
	"clientPlayerWorldHudStyle": "screen.hud_style.compact_block",
	"clientPlayerWorldPrefixStyle": "screen.hud_prefix_style.complete",
	"clientPlayerWorldPrefixColor": "screen.color.green",
	"clientPlayerWorldColoredText": true,
	"clientPerformance": true,
	"clientPerformanceFps": true,
	"clientPerformanceCpuLoad": false,
	"clientPerformanceMemory": true,
	"clientPerformanceLatency": true,
	"clientPerformanceNetworkPackets": true,
	"playerPosition": true,
	"playerPositionCoords": true,
	"playerPositionDimensionalCoords": true,
	"playerPositionLight": false,
	"playerPositionChunk": false,
	"playerPositionFacing": true,
	"playerPositionFacingAxisInfo": true,
	"playerPositionRotation": false,
	"playerPositionSpeed": false,
	"worldInfo": true,
	"worldInfoBiome": true,
	"worldInfoDebugEntities": false,
	"worldInfoDebugTileEntities": false,
	"worldInfoTime": true,
	"worldInfoTimeStyle": "screen.time_style.24_hour",
	"worldInfoDays": true,
	"playerWarningArea": true,
	"playerWarningAreaTextureType": "screen.hud_texture_type.dark",
	"playerWarningAreaTimeSinceLastRest": true,
	"playerWarningAreaTimeSinceLastRestBedItem": "minecraft:red_bed",
	"playerWarningAreaHealthWarning": true,
	"playerWarningAreaHungerWarning": true,
	"playerWarningAreaOxygenWarning": true,
	"playerWarningAreaOxygenBar": true,
	"playerWarningAreaOxygenBarHudLocation": "screen.hud_location.bottom",
	"playerWarningAreaFreezeWarning": true,
	"playerWarningAreaCriticalHealthWarning": true,
	"playerWarningAreaSaturationWarning": true,
	"playerWarningAreaWarningCounters": true,
	"pointedBlock": true,
	"pointedBlockExtendedInfo": true,
	"pointedBlockColoredText": true,
	"pointedBlockBreakingProgress": true,
	"pointedBlockBreakingProgressHudLocation": "screen.hud_location.below",
	"pointedBlockHarvestIcons": true,
	"pointedBlockPropertiesIcons": true,
	"pointedBlockAdvancedProperties": true,
	"pointedBlockAdvancedPropertiesHudStyle": "screen.hud_style.tooltip",
	"pointedBlockLightProperty": true,
	"pointedBlockEmittedPowerProperty": true,
	"pointedBlockEndermanHoldableProperty": true,
	"pointedBlockEmittedLightProperty": true,
	"pointedBlockHasComparatorOutputProperty": true,
	"pointedBlockObtainableDyeProperty": true,
	"pointedBlockMushroomPlantableProperty": true,
	"pointedBlockWaterloggableProperty": true,
	"pointedBlockPiglinsGuardedAndRepellentProperty": true,
	"pointedBlockHoglinsRepellentProperty": true,
	"pointedBlockHarvestCheck": true,
	"pointedBlockHarvestProperTool": true,
	"pointedBlockHarvestSilkTouch": true,
	"pointedEntity": true,
	"pointedEntityExtendedInfo": true,
	"pointedEntityColoredText": true,
	"pointedEntityToggleHealthByCoords": false,
	"pointedEntityStatsBars": true,
	"pointedEntityStatsBarsHudLocation": "screen.hud_location.top",
	"pointedEntityEquipment": true,
	"pointedEntityAdvancedProperties": true,
	"pointedEntityAdvancedPropertiesHudStyle": "screen.hud_style.tooltip",
	"pointedEntityMultiplayerEquipment": true,
	"pointedEntityMultiplayerEquipmentTextureType": "screen.hud_texture_type.dark",
	"pointedEntityInteractIcons": true,
	"pointedEntityPropertiesIcons": true,
	"pointedEntityInteractLead": true,
	"pointedEntityInteractShears": true,
	"pointedEntityInteractBowl": true,
	"pointedEntityInteractBucket": true,
	"pointedEntityInteractSmallFlowers": true,
	"pointedEntityInteractSaddle": true,
	"pointedEntityInteractWaterBucket": true,
	"pointedEntityInteractTameItem": true,
	"pointedEntityInteractBreedItem": true,
	"pointedEntityInteractFindTreasureItem": true,
	"pointedEntityMilkBucketProperty": true,
	"pointedEntityStewProperty": true,
	"pointedEntityWoolProperty": true,
	"pointedEntityHasEggProperty": true,
	"pointedEntityBucketableProperty": true,
	"pointedEntityTameableProperty": true,
	"pointedEntityBreedableProperty": true,
	"pointedEntityFindTreasureProperty": true,
	"playerEquipment": true,
	"playerEquipmentQuiverHud": true,
	"playerEquipmentQuiverHudLocation": "screen.hud_location.crosshair",
	"playerEquipmentFoodStatsHud": true,
	"playerEquipmentLowDurabilityWarningHud": true,
	"playerEquipmentShulkerBoxHud": true,
	"playerEquipmentBundleHud": true,
	"playerEquipmentInventoryCount": true,
	"playerStatsHud": true,
	"playerStatsHudTextureType": "screen.hud_texture_type.dark",
	"playerStatsHudXpStats": true,
	"playerStatsHudHealthStats": true,
	"playerStatsHudEpfStats": true,
	"playerStatsHudAttackStats": true,
	"playerStatsHudStatusEffects": true,
	"playerOnScreenEquipment": true,
	"playerOnScreenEquipmentHudLocation": "screen.hud_location.middle_right",
	"playerOnScreenEquipmentDurability": true,
	"playerOnScreenEquipmentDurabilityFormat": "screen.hud_item_durability.format.damage",
	"playerOnScreenEquipmentDurabilityStyle": "screen.hud_item_durability.style.background_borderless",
	"playerOnScreenEquipmentArms": true,
	"playerOnScreenEquipmentTextureType": "screen.hud_texture_type.vanilla",
	"biomeWeatherTime": false,
	"biomeWeatherTimeHudLocation": "screen.hud_location.top_left",
	"biomeWeatherTimeTextureType": "screen.hud_texture_type.essential_gui",
	"biomeWeatherTimeHour": false,
	"biomeWeatherTimeHourStyle": "screen.time_style.24_hour",
	"biomeWeatherTimeSlimes": true,
	"advancedItemTooltips": true,
	"advancedItemTooltipsLodestoneCompass": true,
	"advancedItemTooltipsBundleCapacity": true,
	"advancedItemTooltipsAxolotlBucket": true,
	"advancedItemTooltipsRecoveryCompass": true,
	"advancedItemTooltipsTropicalFishBucket": true,
	"advancedItemTooltipsEnhancedBooks": true,
	"advancedItemTooltipsMilkBucket": true,
	"advancedItemTooltipsTurtleHelmet": true,
	"advancedItemTooltipsEnhancedMaps": true,
	"advancedItemTooltipsFuelStats": true,
	"advancedItemTooltipsEnhancedDiscs": false,
	"advancedItemTooltipsHorseArmor": true,
	"advancedDamageables": true,
	"advancedDamageablesDurability": true,
	"advancedDamageablesDurabilityColored": true,
	"advancedDamageablesDurabilityPercentage": true,
	"advancedDamageablesDurabilityAlways": true,
	"advancedDamageablesPenaltyLevel": true,
	"advancedDamageablesItemComparison": true,
	"advancedFoodStats": true,
	"advancedFoodStatsWhenCooking": true,
	"advancedFoodStatsPlayerHunger": true,
	"advancedFoodStatsFoodEffects": true,
	"advancedFoodStatsSuspiciousStewEffects": true,
	"advancedBlockNbt": true,
	"advancedBlockNbtBeeNest": true,
	"advancedBlockNbtContainerContents": true,
	"advancedBlockNbtLecternBook": true,
	"advancedBlockNbtJukeboxDisc": true,
	"advancedBlockNbtSignText": true,
	"advancedBlockNbtBeaconEffects": true,
	"advancedBlockNbtSpawnerNbt": true,
	"vanillaPumpkinOverlay": false,
	"vanillaVignetteOverlay": false,
	"vanillaWitherDarkenSky": true,
	"vanillaRainParticles": false,
	"vanillaOtherParticles": true,
	"vanillaMountHealthInCreative": false,
	"vanillaImprovedHeldItemTooltip": true,
	"vanillaImprovedHeldItemTooltipStyle": "screen.hud_style.rounded",
	"vanillaFixActionBarBackground": true,
	"vanillaInventorySlotHighlight": true,
	"vanillaInventorySlotHighlightStyle": "screen.hud_texture_type.colored",
	"vanillaInventorySlotHighlightWithBorder": true,
	"vanillaInventorySlotHighlightBorderColor": "screen.color.green",
	"vanillaInventorySlotHighlightStyleColor": "screen.color.dark_green",
	"statusEffects": true,
	"statusEffectsHudLocation": "screen.hud_location.top_right",
	"statusEffectsTextureType": "screen.hud_texture_type.colored",
	"statusEffectsDuration": true,
	"statusEffectsDurationColored": true,
	"advancedFurnaceStats": true,
	"advancedFurnaceStatsHudLocation": "screen.hud_location.right",
	"advancedFurnaceStatsTextureType": "screen.hud_texture_type.dark",
	"optionsScreenButton": true,
	"optionsScreenButtonLocation": "screen.hud_location.top_right",
	"titleScreenVersion": true,
	"loadingWorldProgressBar": true,
	"loadingWorldProgressBarColor": "screen.hud_loading_bar.color.green",
	"statsBarsHudStyle": "screen.hud_style.rounded",
	"statsBarsIcons": false,
	"statsBarsValue": false,
	"statsBarsWidth": "120",
	"statsBarsHeight": "8",
	"healthBarBaseColor": "#C10000",
	"healthBarShadowColor": "#7C0000",
	"oxygenBarBaseColor": "#017AD1",
	"oxygenBarShadowColor": "#004678",
	"breakingProgressBarHudStyle": "screen.hud_style.rounded",
	"breakingProgressBarValue": false,
	"breakingProgressBarBaseColor": "#00BE00",
	"breakingProgressBarShadowColor": "#008900",
	"breakingProgressBarWidth": "120",
	"breakingProgressBarHeight": "8"
}