{
    "name": "Early Game",
    "icon": "minecraft:grass_block",
    "category": "patchouli:getting_started",
    "sortnum": 0,
    "pages": [
        {
            "type": "patchouli:text",
            "text": "If you are playing sky block, then lots of recipes have been added to help you progress. Everything you need to get started is on your floating island. Save everything! Start looking for resources, utilize JEI, and your quest book! Think Botania!"
        },
        {
            "type": "patchouli:text",
            "title": "Contents",
            "text": "$(li)$(l:getting_started#ftbquests)Quest Book$(/l) $(li)$(l:getting_started#ftbquestssky)Skyblock Quests$(/l) $(li)$(l:getting_started#create)Create Mod$(/l) $(li)$(l:getting_started#andesitealloy)Andesite Alloy$(/l)$(li)This is actually in the $(l:videos_farms)Useful Farms$(/l) chapter, but feel it is important enough to list here too. $(l:videos_farms#dripstone)Dripstone, Lava and More...$(/l)"
        },
        {
            "type": "patchouli:spotlight",
            "item": "ftbquests:book",
            "anchor": "ftbquests",
            "title": "Quest Book",
            "text": "Your quest book will become your best friend playing CCA. Assign a Hotkey to your quest book: Menu > Controls... > Key Binds... > search \"quests\".$(br2)Unless playing Skyblock, begin with \"Starting Out\" quests, then move on to the \"Create\" quests as soon as you can. The Create quests with square icons are the most important to start."
        },
        {
            "type": "patchouli:spotlight",
            "item": "ftbquests:book",
            "anchor": "ftbquestssky",
            "title": "Skyblock Quests",
            "text": "Using your quest book is especially important when playing Skyblock. Start with Botania and then Garden of Glass. Once you get your basics, start incorporating the Create quests. However, don't forget about Starting Out quests, those may be important too."
        },
        {
            "type": "patchouli:spotlight",
            "item": "create:large_cogwheel",
            "anchor": "create",
            "title": "Create Mod",
            "text": "A wonderful feature in Create is Ponder. Put your cursor over the Large Cogwheel image, then press and hold the W key to view an animation using the cogwheel. Ponder is available for many Create blocks and items."
        },
        {
            "type": "patchouli:spotlight",
            "item": "create:andesite_alloy",
            "anchor": "andesitealloy",
            "title": "Andesite Alloy",
            "text": "Making Andesite Alloy is vital to get started in Create. There is very limited Andesite on the island, though there is Diorite which may prove invaluable for making this alloy!"
        }
    ]
}